{"fold2/val/kaggle_metric":0.46393762183235865,"fold3/val/kaggle_metric":0.46296296296296297,"_wandb":{"runtime":2022},"fold2/train/epoch":3,"_runtime":2022,"oof_score":0.46353354134165364,"fold2/train/loss":3.361864492057417,"fold5/val/epoch":3,"fold5/val/kaggle_metric":0.4634146341463415,"fold4/train/epoch":3,"fold4/train/loss":3.5160372104988777,"fold3/train/epoch":3,"fold5/train/epoch":3,"fold1/train/epoch":3,"fold2/val/epoch":3,"fold4/val/epoch":3,"fold3/val/epoch":3,"mean_cv":0.46353349498407265,"fold1/val/kaggle_metric":0.46393762183235865,"fold4/val/kaggle_metric":0.4634146341463415,"_step":19,"fold_scores":[0.46393762183235865,0.46393762183235865,0.46296296296296297,0.4634146341463415,0.4634146341463415],"fold5/train/loss":3.54424443007852,"fold1/train/loss":3.435528779831937,"_timestamp":1.7654878491624768e+09,"fold3/train/loss":3.441506234742792,"fold1/val/epoch":3,"step":15}